{
  "all_mpnet_base_v2": {
    "bm25": {
      "MAP": 0.0,
      "Precision@k": {
        "5": 0.0
      },
      "Recall@k": {
        "5": 0.0
      },
      "NDCG@k": {
        "5": 0.0
      },
      "time_per_query": 0.06764369010925293
    },
    "cosine": {
      "MAP": 0.004,
      "Precision@k": {
        "5": 0.011428571428571429
      },
      "Recall@k": {
        "5": 0.011428571428571429
      },
      "NDCG@k": {
        "5": 0.00986260977848198
      },
      "time_per_query": 0.1042938164302281
    },
    "faiss_flat": {
      "MAP": 0.0033333333333333335,
      "Precision@k": {
        "5": 0.011428571428571429
      },
      "Recall@k": {
        "5": 0.011428571428571429
      },
      "NDCG@k": {
        "5": 0.009018527213700415
      },
      "time_per_query": 0.09016414369855608
    },
    "faiss_gpu_flat": {
      "MAP": 0.0033333333333333335,
      "Precision@k": {
        "5": 0.011428571428571429
      },
      "Recall@k": {
        "5": 0.011428571428571429
      },
      "NDCG@k": {
        "5": 0.009018527213700415
      },
      "time_per_query": 0.08936407225472587
    },
    "faiss_hnsw": {
      "MAP": 0.002857142857142857,
      "Precision@k": {
        "5": 0.005714285714285714
      },
      "Recall@k": {
        "5": 0.005714285714285714
      },
      "NDCG@k": {
        "5": 0.0061138932781293585
      },
      "time_per_query": 2.401701818193708
    },
    "annoy": {
      "MAP": 0.005714285714285714,
      "Precision@k": {
        "5": 0.005714285714285714
      },
      "Recall@k": {
        "5": 0.005714285714285714
      },
      "NDCG@k": {
        "5": 0.009690291579246176
      },
      "time_per_query": 2.0400570528847832
    }
  },
  "all_MiniLM_L12_v2": {
    "bm25": {
      "MAP": 0.0,
      "Precision@k": {
        "5": 0.0
      },
      "Recall@k": {
        "5": 0.0
      },
      "NDCG@k": {
        "5": 0.0
      },
      "time_per_query": 0.06819641930716379
    },
    "cosine": {
      "MAP": 0.0023809523809523807,
      "Precision@k": {
        "5": 0.005714285714285714
      },
      "Recall@k": {
        "5": 0.0047619047619047615
      },
      "NDCG@k": {
        "5": 0.0061138932781293585
      },
      "time_per_query": 0.052327047075544086
    },
    "faiss_flat": {
      "MAP": 0.0023809523809523807,
      "Precision@k": {
        "5": 0.005714285714285714
      },
      "Recall@k": {
        "5": 0.0047619047619047615
      },
      "NDCG@k": {
        "5": 0.0061138932781293585
      },
      "time_per_query": 0.04687474795750209
    },
    "faiss_gpu_flat": {
      "MAP": 0.0023809523809523807,
      "Precision@k": {
        "5": 0.005714285714285714
      },
      "Recall@k": {
        "5": 0.0047619047619047615
      },
      "NDCG@k": {
        "5": 0.0061138932781293585
      },
      "time_per_query": 0.04682098797389439
    },
    "faiss_hnsw": {
      "MAP": 0.0023809523809523807,
      "Precision@k": {
        "5": 0.005714285714285714
      },
      "Recall@k": {
        "5": 0.0047619047619047615
      },
      "NDCG@k": {
        "5": 0.0061138932781293585
      },
      "time_per_query": 1.7714318343571254
    },
    "annoy": {
      "MAP": 0.0,
      "Precision@k": {
        "5": 0.0
      },
      "Recall@k": {
        "5": 0.0
      },
      "NDCG@k": {
        "5": 0.0
      },
      "time_per_query": 1.0567050933837892
    }
  },
  "multi_qa_distilbert_cos_v1": {
    "bm25": {
      "MAP": 0.0,
      "Precision@k": {
        "5": 0.0
      },
      "Recall@k": {
        "5": 0.0
      },
      "NDCG@k": {
        "5": 0.0
      },
      "time_per_query": 0.06536114556448801
    },
    "cosine": {
      "MAP": 0.0047619047619047615,
      "Precision@k": {
        "5": 0.011428571428571429
      },
      "Recall@k": {
        "5": 0.011428571428571429
      },
      "NDCG@k": {
        "5": 0.009018527213700415
      },
      "time_per_query": 0.09402753284999303
    },
    "faiss_flat": {
      "MAP": 0.0060952380952380945,
      "Precision@k": {
        "5": 0.017142857142857144
      },
      "Recall@k": {
        "5": 0.01619047619047619
      },
      "NDCG@k": {
        "5": 0.014035991202559307
      },
      "time_per_query": 0.08101677894592285
    },
    "faiss_gpu_flat": {
      "MAP": 0.0060952380952380945,
      "Precision@k": {
        "5": 0.017142857142857144
      },
      "Recall@k": {
        "5": 0.01619047619047619
      },
      "NDCG@k": {
        "5": 0.014035991202559307
      },
      "time_per_query": 0.08136325563703264
    },
    "faiss_hnsw": {
      "MAP": 0.0014285714285714286,
      "Precision@k": {
        "5": 0.005714285714285714
      },
      "Recall@k": {
        "5": 0.005714285714285714
      },
      "NDCG@k": {
        "5": 0.004173381424077327
      },
      "time_per_query": 1.7933036191122873
    },
    "annoy": {
      "MAP": 0.008095238095238095,
      "Precision@k": {
        "5": 0.017142857142857144
      },
      "Recall@k": {
        "5": 0.017142857142857144
      },
      "NDCG@k": {
        "5": 0.015132420491829774
      },
      "time_per_query": 2.033539431435721
    }
  }
}